{
    "v": "5.6.5",
    "fr": 29.9700012207031,
    "ip": 0,
    "op": 2.00000008146167,
    "w": 426,
    "h": 171,
    "nm": "DRIPPER2",
    "ddd": 0,
    "assets": [{
        "id": "image_0",
        "w": 311,
        "h": 102,
        "u": "Dripper2/",
        "p": "img_0.png",
        "e": 0
    }],
    "layers": [{
        "ddd": 0,
        "ind": 6,
        "ty": 2,
        "nm": "Dripper",
        "refId": "image_0",
        "sr": 1,
        "ks": {
            "o": {
                "a": 0,
                "k": 100,
                "ix": 11
            },
            "r": {
                "a": 0,
                "k": 0,
                "ix": 10
            },
            "p": {
                "a": 0,
                "k": [209.055, 100.925, 0],
                "ix": 2
            },
            "a": {
                "a": 0,
                "k": [155.485, 50.835, 0],
                "ix": 1
            },
            "s": {
                "a": 0,
                "k": [100, 100, 100],
                "ix": 6
            }
        },
        "ao": 0,
        "ip": -1.00000004073083,
        "op": 898.00003657629,
        "st": -1.00000004073083,
        "bm": 0
    }],
    "markers": []
}