{ "v": "5.6.5", "fr": 29.9700012207031, "ip": 0, "op": 3.00000012219251, "w": 426, "h": 171, "nm": "DRIPPER4", "ddd": 0, "assets": [{ "id": "image_0", "w": 415, "h": 91, "u": "Dripper4/", "p": "img_0.png", "e": 0 }, { "id": "image_1", "w": 393, "h": 113, "u": "Dripper4/", "p": "img_1.png", "e": 0 }, { "id": "image_2", "w": 302, "h": 108, "u": "Dripper4/", "p": "img_2.png", "e": 0 }, { "id": "image_3", "w": 335, "h": 93, "u": "Dripper4/", "p": "img_3.png", "e": 0 }, { "id": "image_4", "w": 320, "h": 87, "u": "Dripper4/", "p": "img_4.png", "e": 0 }, { "id": "image_5", "w": 311, "h": 102, "u": "Dripper4/", "p": "img_5.png", "e": 0 }], "layers": [{ "ddd": 0, "ind": 1, "ty": 2, "nm": "raindrop5", "refId": "image_0", "sr": 1, "ks": { "o": { "a": 1, "k": [{ "i": { "x": [0.833], "y": [0.833] }, "o": { "x": [0.167], "y": [0.167] }, "t": 0, "s": [0] }, { "i": { "x": [0.833], "y": [0.833] }, "o": { "x": [0.167], "y": [0.167] }, "t": 27, "s": [0] }, { "i": { "x": [0.833], "y": [0.833] }, "o": { "x": [0.167], "y": [0.167] }, "t": 30, "s": [100] }, { "t": 35.0000014255792, "s": [100] }], "ix": 11 }, "r": { "a": 0, "k": 0, "ix": 10 }, "p": { "a": 0, "k": [212.675, 78.206, 0], "ix": 2 }, "a": { "a": 0, "k": [207.425, 45.235, 0], "ix": 1 }, "s": { "a": 0, "k": [100, 100, 100], "ix": 6 } }, "ao": 0, "ip": 0, "op": 30.0000012219251, "st": 0, "bm": 0 }, { "ddd": 0, "ind": 2, "ty": 2, "nm": "raindrop4", "refId": "image_1", "sr": 1, "ks": { "o": { "a": 1, "k": [{ "i": { "x": [0.833], "y": [0.833] }, "o": { "x": [0.167], "y": [0.167] }, "t": 0, "s": [0] }, { "i": { "x": [0.833], "y": [0.833] }, "o": { "x": [0.167], "y": [0.167] }, "t": 21, "s": [0] }, { "t": 24.00000097754, "s": [100] }], "ix": 11 }, "r": { "a": 0, "k": 0, "ix": 10 }, "p": { "a": 0, "k": [215.12, 77.235, 0], "ix": 2 }, "a": { "a": 0, "k": [196.31, 56.155, 0], "ix": 1 }, "s": { "a": 0, "k": [100, 100, 100], "ix": 6 } }, "ao": 0, "ip": 0, "op": 30.0000012219251, "st": 0, "bm": 0 }, { "ddd": 0, "ind": 3, "ty": 2, "nm": "raindrop3", "refId": "image_2", "sr": 1, "ks": { "o": { "a": 1, "k": [{ "i": { "x": [0.833], "y": [0.833] }, "o": { "x": [0.167], "y": [0.167] }, "t": 0, "s": [0] }, { "i": { "x": [0.833], "y": [0.833] }, "o": { "x": [0.167], "y": [0.167] }, "t": 15, "s": [0] }, { "t": 18.000000733155, "s": [100] }], "ix": 11 }, "r": { "a": 0, "k": 0, "ix": 10 }, "p": { "a": 0, "k": [232.6, 68.235, 0], "ix": 2 }, "a": { "a": 0, "k": [150.66, 53.525, 0], "ix": 1 }, "s": { "a": 0, "k": [100, 100, 100], "ix": 6 } }, "ao": 0, "ip": 0, "op": 30.0000012219251, "st": 0, "bm": 0 }, { "ddd": 0, "ind": 4, "ty": 2, "nm": "raindrop2", "refId": "image_3", "sr": 1, "ks": { "o": { "a": 1, "k": [{ "i": { "x": [0.833], "y": [0.833] }, "o": { "x": [0.167], "y": [0.167] }, "t": 0, "s": [0] }, { "i": { "x": [0.833], "y": [0.833] }, "o": { "x": [0.167], "y": [0.167] }, "t": 9, "s": [0] }, { "t": 12.00000048877, "s": [100] }], "ix": 11 }, "r": { "a": 0, "k": 0, "ix": 10 }, "p": { "a": 0, "k": [217.083, 70.765, 0], "ix": 2 }, "a": { "a": 0, "k": [167.083, 46.445, 0], "ix": 1 }, "s": { "a": 0, "k": [100, 100, 100], "ix": 6 } }, "ao": 0, "ip": 0, "op": 30.0000012219251, "st": 0, "bm": 0 }, { "ddd": 0, "ind": 5, "ty": 2, "nm": "raindrop1", "refId": "image_4", "sr": 1, "ks": { "o": { "a": 1, "k": [{ "i": { "x": [0.833], "y": [0.833] }, "o": { "x": [0.167], "y": [0.167] }, "t": 0, "s": [0] }, { "i": { "x": [0.833], "y": [0.833] }, "o": { "x": [0.167], "y": [0.167] }, "t": 3, "s": [0] }, { "t": 6.00000024438501, "s": [100] }], "ix": 11 }, "r": { "a": 0, "k": 0, "ix": 10 }, "p": { "a": 0, "k": [209.475, 80.955, 0], "ix": 2 }, "a": { "a": 0, "k": [159.775, 43.095, 0], "ix": 1 }, "s": { "a": 0, "k": [100, 100, 100], "ix": 6 } }, "ao": 0, "ip": 0, "op": 30.0000012219251, "st": 0, "bm": 0 }, { "ddd": 0, "ind": 6, "ty": 2, "nm": "Dripper", "refId": "image_5", "sr": 1, "ks": { "o": { "a": 0, "k": 100, "ix": 11 }, "r": { "a": 0, "k": 0, "ix": 10 }, "p": { "a": 0, "k": [209.055, 100.925, 0], "ix": 2 }, "a": { "a": 0, "k": [155.485, 50.835, 0], "ix": 1 }, "s": { "a": 0, "k": [100, 100, 100], "ix": 6 } }, "ao": 0, "ip": 0, "op": 30.0000012219251, "st": 0, "bm": 0 }], "markers": [] }