{"v":"5.6.5","fr":29.9700012207031,"ip":0,"op":180.00000733155,"w":1920,"h":1080,"nm":"foggy","ddd":0,"assets":[],"layers":[{"ddd":0,"ind":1,"ty":1,"nm":"Dark Gray Solid 1","sr":1,"ks":{"o":{"a":0,"k":100,"ix":11},"r":{"a":0,"k":0,"ix":10},"p":{"a":0,"k":[968,545,0],"ix":2},"a":{"a":0,"k":[960,540,0],"ix":1},"s":{"a":0,"k":[100,100,100],"ix":6}},"ao":0,"ef":[{"ty":5,"nm":"Particular","np":230,"mn":"tc Particular","ix":1,"en":1,"ef":[{"ty":6,"nm":"Register","mn":"tc Particular-0168","ix":1,"v":0},{"ty":6,"nm":"Emitter","mn":"tc Particular-0057","ix":2,"v":0},{"ty":0,"nm":"Particles/sec","mn":"tc Particular-0146","ix":3,"v":{"a":0,"k":3,"ix":3}},{"ty":7,"nm":"Emitter Type","mn":"tc Particular-0005","ix":4,"v":{"a":0,"k":1,"ix":4}},{"ty":3,"nm":"Position XY","mn":"tc Particular-0003","ix":5,"v":{"a":0,"k":[962,9],"ix":5}},{"ty":0,"nm":"Position Z","mn":"tc Particular-0004","ix":6,"v":{"a":0,"k":0,"ix":6}},{"ty":7,"nm":"Position Subframe","mn":"tc Particular-0268","ix":7,"v":{"a":0,"k":1,"ix":7}},{"ty":7,"nm":"Direction","mn":"tc Particular-0113","ix":8,"v":{"a":0,"k":1,"ix":8}},{"ty":0,"nm":"Direction Spread [%]","mn":"tc Particular-0010","ix":9,"v":{"a":0,"k":20,"ix":9}},{"ty":0,"nm":"X Rotation","mn":"tc Particular-0112","ix":10,"v":{"a":0,"k":0,"ix":10}},{"ty":0,"nm":"Y Rotation","mn":"tc Particular-0111","ix":11,"v":{"a":0,"k":0,"ix":11}},{"ty":0,"nm":"Z Rotation","mn":"tc Particular-0076","ix":12,"v":{"a":0,"k":0,"ix":12}},{"ty":0,"nm":"Velocity","mn":"tc Particular-0011","ix":13,"v":{"a":0,"k":3,"ix":13}},{"ty":0,"nm":"Velocity Random [%]","mn":"tc Particular-0012","ix":14,"v":{"a":0,"k":5,"ix":14}},{"ty":0,"nm":"Velocity Distribution","mn":"tc Particular-0283","ix":15,"v":{"a":0,"k":0.5,"ix":15}},{"ty":0,"nm":"Velocity from Motion [%]","mn":"tc Particular-0013","ix":16,"v":{"a":0,"k":20,"ix":16}},{"ty":0,"nm":"Emitter Size X","mn":"tc Particular-0014","ix":17,"v":{"a":0,"k":50,"ix":17}},{"ty":0,"nm":"Emitter Size Y","mn":"tc Particular-0015","ix":18,"v":{"a":0,"k":50,"ix":18}},{"ty":0,"nm":"Emitter Size Z","mn":"tc Particular-0016","ix":19,"v":{"a":0,"k":50,"ix":19}},{"ty":7,"nm":"Particles/sec modifier","mn":"tc Particular-0185","ix":20,"v":{"a":0,"k":1,"ix":20}},{"ty":6,"nm":"Layer Emitter","mn":"tc Particular-0302","ix":21,"v":0},{"ty":10,"nm":"Layer","mn":"tc Particular-0115","ix":22,"v":{"a":0,"k":0,"ix":22}},{"ty":7,"nm":"Layer Sampling","mn":"tc Particular-0116","ix":23,"v":{"a":0,"k":3,"ix":23}},{"ty":7,"nm":"Layer RGB Usage","mn":"tc Particular-0144","ix":24,"v":{"a":0,"k":5,"ix":24}},{"ty":6,"nm":"","mn":"tc Particular-0303","ix":25,"v":0},{"ty":6,"nm":"Grid Emitter","mn":"tc Particular-0220","ix":26,"v":0},{"ty":0,"nm":"Particles in X","mn":"tc Particular-0221","ix":27,"v":{"a":0,"k":5,"ix":27}},{"ty":0,"nm":"Particles in Y","mn":"tc Particular-0222","ix":28,"v":{"a":0,"k":5,"ix":28}},{"ty":0,"nm":"Particles in Z","mn":"tc Particular-0223","ix":29,"v":{"a":0,"k":1,"ix":29}},{"ty":7,"nm":"Type","mn":"tc Particular-0224","ix":30,"v":{"a":0,"k":1,"ix":30}},{"ty":6,"nm":"","mn":"tc Particular-0225","ix":31,"v":0},{"ty":6,"nm":"Emission Extras","mn":"tc Particular-0226","ix":32,"v":0},{"ty":0,"nm":"Pre Run","mn":"tc Particular-0227","ix":33,"v":{"a":0,"k":0,"ix":33}},{"ty":0,"nm":"Perodicity Rnd","mn":"tc Particular-0228","ix":34,"v":{"a":0,"k":0,"ix":34}},{"ty":7,"nm":"Lights Unique Seeds","mn":"tc Particular-0522","ix":35,"v":{"a":0,"k":0,"ix":35}},{"ty":6,"nm":"","mn":"tc Particular-0229","ix":36,"v":0},{"ty":0,"nm":"Random Seed","mn":"tc Particular-0230","ix":37,"v":{"a":0,"k":100000,"ix":37}},{"ty":6,"nm":"","mn":"tc Particular-0058","ix":38,"v":0},{"ty":6,"nm":"Particle","mn":"tc Particular-0061","ix":39,"v":0},{"ty":0,"nm":"Life [sec]","mn":"tc Particular-0002","ix":40,"v":{"a":0,"k":2,"ix":40}},{"ty":0,"nm":"Life Random [%]","mn":"tc Particular-0065","ix":41,"v":{"a":0,"k":5,"ix":41}},{"ty":7,"nm":"Particle Type","mn":"tc Particular-0026","ix":42,"v":{"a":0,"k":5,"ix":42}},{"ty":0,"nm":"Streaklet Feather","mn":"tc Particular-0029","ix":43,"v":{"a":0,"k":50,"ix":43}},{"ty":6,"nm":"Texture","mn":"tc Particular-0084","ix":44,"v":0},{"ty":10,"nm":"Layer","mn":"tc Particular-0066","ix":45,"v":{"a":0,"k":0,"ix":45}},{"ty":7,"nm":"Time Sampling","mn":"tc Particular-0067","ix":46,"v":{"a":0,"k":1,"ix":46}},{"ty":0,"nm":"Random Seed","mn":"tc Particular-0305","ix":47,"v":{"a":0,"k":1,"ix":47}},{"ty":0,"nm":"Number of Clips","mn":"tc Particular-0108","ix":48,"v":{"a":0,"k":2,"ix":48}},{"ty":7,"nm":"Subframe Sampling","mn":"tc Particular-0107","ix":49,"v":{"a":0,"k":0,"ix":49}},{"ty":6,"nm":"","mn":"tc Particular-0085","ix":50,"v":0},{"ty":6,"nm":"Rotation","mn":"tc Particular-0135","ix":51,"v":0},{"ty":7,"nm":"Orient to Motion","mn":"tc Particular-0267","ix":52,"v":{"a":0,"k":1,"ix":52}},{"ty":0,"nm":"Rotate X","mn":"tc Particular-0275","ix":53,"v":{"a":0,"k":0,"ix":53}},{"ty":0,"nm":"Rotate Y","mn":"tc Particular-0276","ix":54,"v":{"a":0,"k":0,"ix":54}},{"ty":0,"nm":"Rotate Z","mn":"tc Particular-0136","ix":55,"v":{"a":0,"k":0,"ix":55}},{"ty":0,"nm":"Random Rotation","mn":"tc Particular-0137","ix":56,"v":{"a":0,"k":0,"ix":56}},{"ty":0,"nm":"Rotation Speed X","mn":"tc Particular-0277","ix":57,"v":{"a":0,"k":0,"ix":57}},{"ty":0,"nm":"Rotation Speed Y","mn":"tc Particular-0278","ix":58,"v":{"a":0,"k":0,"ix":58}},{"ty":0,"nm":"Rotation Speed Z","mn":"tc Particular-0138","ix":59,"v":{"a":0,"k":0,"ix":59}},{"ty":0,"nm":"Random Speed Rotate","mn":"tc Particular-0279","ix":60,"v":{"a":0,"k":0,"ix":60}},{"ty":0,"nm":"Random Speed Distribution","mn":"tc Particular-0282","ix":61,"v":{"a":0,"k":0.5,"ix":61}},{"ty":6,"nm":"","mn":"tc Particular-0140","ix":62,"v":0},{"ty":0,"nm":"Size","mn":"tc Particular-0027","ix":63,"v":{"a":0,"k":200,"ix":63}},{"ty":0,"nm":"Size Random [%]","mn":"tc Particular-0074","ix":64,"v":{"a":0,"k":0,"ix":64}},{"ty":6,"nm":"Size over Life","mn":"tc Particular-0072","ix":65,"v":0},{"ty":0,"nm":"Opacity","mn":"tc Particular-0033","ix":66,"v":{"a":0,"k":10,"ix":66}},{"ty":0,"nm":"Opacity Random [%]","mn":"tc Particular-0075","ix":67,"v":{"a":0,"k":8,"ix":67}},{"ty":6,"nm":"Opacity over Life","mn":"tc Particular-0073","ix":68,"v":0},{"ty":7,"nm":"Set Color","mn":"tc Particular-0088","ix":69,"v":{"a":0,"k":4,"ix":69}},{"ty":2,"nm":"Color","mn":"tc Particular-0070","ix":70,"v":{"a":0,"k":[1,1,1,1],"ix":70}},{"ty":0,"nm":"Color Random","mn":"tc Particular-0071","ix":71,"v":{"a":0,"k":0,"ix":71}},{"ty":6,"nm":"Color over Life","mn":"tc Particular-0089","ix":72,"v":0},{"ty":7,"nm":"Transfer Mode","mn":"tc Particular-0069","ix":73,"v":{"a":0,"k":3,"ix":73}},{"ty":6,"nm":"Transfer Mode over Life","mn":"tc Particular-0078","ix":74,"v":0},{"ty":6,"nm":"Glow","mn":"tc Particular-0214","ix":75,"v":0},{"ty":0,"nm":"Size","mn":"tc Particular-0215","ix":76,"v":{"a":0,"k":300,"ix":76}},{"ty":0,"nm":"Opacity","mn":"tc Particular-0216","ix":77,"v":{"a":0,"k":25,"ix":77}},{"ty":0,"nm":"Feather","mn":"tc Particular-0217","ix":78,"v":{"a":0,"k":100,"ix":78}},{"ty":7,"nm":"Transfer Mode","mn":"tc Particular-0218","ix":79,"v":{"a":0,"k":1,"ix":79}},{"ty":6,"nm":"","mn":"tc Particular-0219","ix":80,"v":0},{"ty":6,"nm":"Streaklet","mn":"tc Particular-0316","ix":81,"v":0},{"ty":0,"nm":"Random Seed","mn":"tc Particular-0313","ix":82,"v":{"a":0,"k":0,"ix":82}},{"ty":0,"nm":"No Streaks","mn":"tc Particular-0314","ix":83,"v":{"a":0,"k":7,"ix":83}},{"ty":0,"nm":"Streak Size","mn":"tc Particular-0315","ix":84,"v":{"a":0,"k":60,"ix":84}},{"ty":6,"nm":"","mn":"tc Particular-0317","ix":85,"v":0},{"ty":6,"nm":"","mn":"tc Particular-0062","ix":86,"v":0},{"ty":6,"nm":"Shading","mn":"tc Particular-0306","ix":87,"v":0},{"ty":7,"nm":"Shading","mn":"tc Particular-0284","ix":88,"v":{"a":0,"k":1,"ix":88}},{"ty":7,"nm":"Light Falloff","mn":"tc Particular-0301","ix":89,"v":{"a":0,"k":2,"ix":89}},{"ty":0,"nm":"Nominal Distance","mn":"tc Particular-0304","ix":90,"v":{"a":0,"k":250,"ix":90}},{"ty":0,"nm":"Ambient","mn":"tc Particular-0285","ix":91,"v":{"a":0,"k":20,"ix":91}},{"ty":0,"nm":"Diffuse","mn":"tc Particular-0286","ix":92,"v":{"a":0,"k":80,"ix":92}},{"ty":0,"nm":"Specular Amount","mn":"tc Particular-0287","ix":93,"v":{"a":0,"k":0,"ix":93}},{"ty":0,"nm":"Specular Sharpness","mn":"tc Particular-0288","ix":94,"v":{"a":0,"k":100,"ix":94}},{"ty":10,"nm":"Reflection Map","mn":"tc Particular-0310","ix":95,"v":{"a":0,"k":0,"ix":95}},{"ty":0,"nm":"Reflection Strength","mn":"tc Particular-0311","ix":96,"v":{"a":0,"k":100,"ix":96}},{"ty":7,"nm":"Shadowlet for Main","mn":"tc Particular-0269","ix":97,"v":{"a":0,"k":1,"ix":97}},{"ty":7,"nm":"Shadowlet for Aux","mn":"tc Particular-0272","ix":98,"v":{"a":0,"k":1,"ix":98}},{"ty":6,"nm":"Shadowlet Settings","mn":"tc Particular-0209","ix":99,"v":0},{"ty":2,"nm":"Color","mn":"tc Particular-0210","ix":100,"v":{"a":0,"k":[0,0,0,1],"ix":100}},{"ty":0,"nm":"Color Strength","mn":"tc Particular-0211","ix":101,"v":{"a":0,"k":100,"ix":101}},{"ty":0,"nm":"Opacity","mn":"tc Particular-0212","ix":102,"v":{"a":0,"k":5,"ix":102}},{"ty":0,"nm":"Adjust Size","mn":"tc Particular-0270","ix":103,"v":{"a":0,"k":100,"ix":103}},{"ty":0,"nm":"Adjust Distance","mn":"tc Particular-0271","ix":104,"v":{"a":0,"k":100,"ix":104}},{"ty":7,"nm":"Placement","mn":"tc Particular-0273","ix":105,"v":{"a":0,"k":1,"ix":105}},{"ty":6,"nm":"","mn":"tc Particular-0213","ix":106,"v":0},{"ty":6,"nm":"","mn":"tc Particular-0307","ix":107,"v":0},{"ty":6,"nm":"Physics","mn":"tc Particular-0059","ix":108,"v":0},{"ty":7,"nm":"Physics Model","mn":"tc Particular-0119","ix":109,"v":{"a":0,"k":1,"ix":109}},{"ty":0,"nm":"Gravity","mn":"tc Particular-0017","ix":110,"v":{"a":0,"k":0,"ix":110}},{"ty":0,"nm":"Physics Time Factor","mn":"tc Particular-0025","ix":111,"v":{"a":0,"k":2,"ix":111}},{"ty":6,"nm":"Air","mn":"tc Particular-0131","ix":112,"v":0},{"ty":7,"nm":"Motion Path","mn":"tc Particular-0167","ix":113,"v":{"a":0,"k":1,"ix":113}},{"ty":0,"nm":"Air Resistance","mn":"tc Particular-0018","ix":114,"v":{"a":0,"k":5,"ix":114}},{"ty":7,"nm":"Air Resistance Rotation","mn":"tc Particular-0297","ix":115,"v":{"a":0,"k":0,"ix":115}},{"ty":0,"nm":"Spin Amplitude","mn":"tc Particular-0019","ix":116,"v":{"a":0,"k":0,"ix":116}},{"ty":0,"nm":"Spin Frequency","mn":"tc Particular-0020","ix":117,"v":{"a":0,"k":6,"ix":117}},{"ty":0,"nm":"Fade-in Spin [sec]","mn":"tc Particular-0021","ix":118,"v":{"a":0,"k":1,"ix":118}},{"ty":0,"nm":"Wind X","mn":"tc Particular-0022","ix":119,"v":{"a":0,"k":0,"ix":119}},{"ty":0,"nm":"Wind Y","mn":"tc Particular-0023","ix":120,"v":{"a":0,"k":250,"ix":120}},{"ty":0,"nm":"Wind Z","mn":"tc Particular-0024","ix":121,"v":{"a":0,"k":0,"ix":121}},{"ty":7,"nm":"Visualize Fields","mn":"tc Particular-0097","ix":122,"v":{"a":0,"k":0,"ix":122}},{"ty":6,"nm":"Turbulence Field","mn":"tc Particular-0040","ix":123,"v":0},{"ty":0,"nm":"Affect Size","mn":"tc Particular-0041","ix":124,"v":{"a":0,"k":0,"ix":124}},{"ty":0,"nm":"Affect Position","mn":"tc Particular-0042","ix":125,"v":{"a":0,"k":300,"ix":125}},{"ty":0,"nm":"Fade-in Time [sec]","mn":"tc Particular-0045","ix":126,"v":{"a":0,"k":1,"ix":126}},{"ty":7,"nm":"Fade-in Curve","mn":"tc Particular-0308","ix":127,"v":{"a":0,"k":2,"ix":127}},{"ty":0,"nm":"Scale","mn":"tc Particular-0046","ix":128,"v":{"a":0,"k":8,"ix":128}},{"ty":0,"nm":"Complexity","mn":"tc Particular-0047","ix":129,"v":{"a":0,"k":5,"ix":129}},{"ty":0,"nm":"Octave Multiplier","mn":"tc Particular-0048","ix":130,"v":{"a":0,"k":0.235,"ix":130}},{"ty":0,"nm":"Octave Scale","mn":"tc Particular-0049","ix":131,"v":{"a":0,"k":5,"ix":131}},{"ty":0,"nm":"Evolution Speed","mn":"tc Particular-0052","ix":132,"v":{"a":0,"k":2,"ix":132}},{"ty":0,"nm":"Evolution Offset","mn":"tc Particular-0309","ix":133,"v":{"a":0,"k":0,"ix":133}},{"ty":0,"nm":"X Offset","mn":"tc Particular-0053","ix":134,"v":{"a":0,"k":0,"ix":134}},{"ty":0,"nm":"Y Offset","mn":"tc Particular-0054","ix":135,"v":{"a":0,"k":0,"ix":135}},{"ty":0,"nm":"Z Offset","mn":"tc Particular-0055","ix":136,"v":{"a":0,"k":0,"ix":136}},{"ty":0,"nm":"Move with Wind [%]","mn":"tc Particular-0077","ix":137,"v":{"a":0,"k":80,"ix":137}},{"ty":6,"nm":"","mn":"tc Particular-0056","ix":138,"v":0},{"ty":6,"nm":"Spherical Field","mn":"tc Particular-0091","ix":139,"v":0},{"ty":0,"nm":"Strength","mn":"tc Particular-0092","ix":140,"v":{"a":0,"k":0,"ix":140}},{"ty":3,"nm":"Position XY","mn":"tc Particular-0093","ix":141,"v":{"a":0,"k":[960,540],"ix":141}},{"ty":0,"nm":"Position Z","mn":"tc Particular-0094","ix":142,"v":{"a":0,"k":0,"ix":142}},{"ty":0,"nm":"Radius","mn":"tc Particular-0095","ix":143,"v":{"a":0,"k":100,"ix":143}},{"ty":0,"nm":"Feather","mn":"tc Particular-0096","ix":144,"v":{"a":0,"k":50,"ix":144}},{"ty":6,"nm":"","mn":"tc Particular-0098","ix":145,"v":0},{"ty":6,"nm":"","mn":"tc Particular-0132","ix":146,"v":0},{"ty":6,"nm":"Bounce","mn":"tc Particular-0133","ix":147,"v":0},{"ty":10,"nm":"Floor Layer","mn":"tc Particular-0123","ix":148,"v":{"a":0,"k":0,"ix":148}},{"ty":7,"nm":"Floor Mode","mn":"tc Particular-0124","ix":149,"v":{"a":0,"k":1,"ix":149}},{"ty":10,"nm":"Wall Layer","mn":"tc Particular-0128","ix":150,"v":{"a":0,"k":0,"ix":150}},{"ty":7,"nm":"Wall Mode","mn":"tc Particular-0129","ix":151,"v":{"a":0,"k":1,"ix":151}},{"ty":7,"nm":"Collision Event","mn":"tc Particular-0125","ix":152,"v":{"a":0,"k":1,"ix":152}},{"ty":0,"nm":"Bounce","mn":"tc Particular-0121","ix":153,"v":{"a":0,"k":50,"ix":153}},{"ty":0,"nm":"Bounce Random [%]","mn":"tc Particular-0145","ix":154,"v":{"a":0,"k":30,"ix":154}},{"ty":0,"nm":"Slide","mn":"tc Particular-0122","ix":155,"v":{"a":0,"k":80,"ix":155}},{"ty":6,"nm":"","mn":"tc Particular-0134","ix":156,"v":0},{"ty":6,"nm":"","mn":"tc Particular-0060","ix":157,"v":0},{"ty":6,"nm":"Aux System","mn":"tc Particular-0147","ix":158,"v":0},{"ty":7,"nm":"Emit","mn":"tc Particular-0148","ix":159,"v":{"a":0,"k":1,"ix":159}},{"ty":0,"nm":"Emit Probability [%]","mn":"tc Particular-0188","ix":160,"v":{"a":0,"k":100,"ix":160}},{"ty":0,"nm":"Particle Emit Rate","mn":"tc Particular-0149","ix":161,"v":{"a":0,"k":10,"ix":161}},{"ty":0,"nm":"Life [sec]","mn":"tc Particular-0150","ix":162,"v":{"a":0,"k":0.5,"ix":162}},{"ty":7,"nm":"Type","mn":"tc Particular-0151","ix":163,"v":{"a":0,"k":6,"ix":163}},{"ty":0,"nm":"Velocity","mn":"tc Particular-0152","ix":164,"v":{"a":0,"k":0,"ix":164}},{"ty":0,"nm":"Size","mn":"tc Particular-0154","ix":165,"v":{"a":0,"k":5,"ix":165}},{"ty":6,"nm":"Size over Life","mn":"tc Particular-0155","ix":166,"v":0},{"ty":0,"nm":"Opacity","mn":"tc Particular-0160","ix":167,"v":{"a":0,"k":50,"ix":167}},{"ty":6,"nm":"Opacity over Life","mn":"tc Particular-0156","ix":168,"v":0},{"ty":6,"nm":"Color over Life","mn":"tc Particular-0157","ix":169,"v":0},{"ty":0,"nm":"Color From Main [%]","mn":"tc Particular-0158","ix":170,"v":{"a":0,"k":0,"ix":170}},{"ty":0,"nm":"Gravity","mn":"tc Particular-0189","ix":171,"v":{"a":0,"k":0,"ix":171}},{"ty":7,"nm":"Transfer Mode","mn":"tc Particular-0190","ix":172,"v":{"a":0,"k":1,"ix":172}},{"ty":0,"nm":"Rotate Speed","mn":"tc Particular-0191","ix":173,"v":{"a":0,"k":0,"ix":173}},{"ty":0,"nm":"Feather","mn":"tc Particular-0192","ix":174,"v":{"a":0,"k":30,"ix":174}},{"ty":6,"nm":"Control from Main Particles","mn":"tc Particular-0193","ix":175,"v":0},{"ty":0,"nm":"Inherit Velocity","mn":"tc Particular-0194","ix":176,"v":{"a":0,"k":0,"ix":176}},{"ty":0,"nm":"Start Emit [% of Life]","mn":"tc Particular-0195","ix":177,"v":{"a":0,"k":0,"ix":177}},{"ty":0,"nm":"Stop Emit [% of Life]","mn":"tc Particular-0196","ix":178,"v":{"a":0,"k":100,"ix":178}},{"ty":6,"nm":"","mn":"tc Particular-0197","ix":179,"v":0},{"ty":6,"nm":"Physics (Air mode only)","mn":"tc Particular-0198","ix":180,"v":0},{"ty":0,"nm":"Air Resistance","mn":"tc Particular-0199","ix":181,"v":{"a":0,"k":0,"ix":181}},{"ty":0,"nm":"Wind Affect [%]","mn":"tc Particular-0200","ix":182,"v":{"a":0,"k":0,"ix":182}},{"ty":0,"nm":"Turbulence Position","mn":"tc Particular-0201","ix":183,"v":{"a":0,"k":0,"ix":183}},{"ty":6,"nm":"","mn":"tc Particular-0202","ix":184,"v":0},{"ty":6,"nm":"Randomness","mn":"tc Particular-0203","ix":185,"v":0},{"ty":0,"nm":"Life","mn":"tc Particular-0204","ix":186,"v":{"a":0,"k":0,"ix":186}},{"ty":0,"nm":"Size","mn":"tc Particular-0205","ix":187,"v":{"a":0,"k":0,"ix":187}},{"ty":0,"nm":"Opacity","mn":"tc Particular-0206","ix":188,"v":{"a":0,"k":0,"ix":188}},{"ty":6,"nm":"","mn":"tc Particular-0207","ix":189,"v":0},{"ty":6,"nm":"","mn":"tc Particular-0159","ix":190,"v":0},{"ty":6,"nm":"World Transform","mn":"tc Particular-0289","ix":191,"v":0},{"ty":0,"nm":"X Rotation W","mn":"tc Particular-0290","ix":192,"v":{"a":0,"k":0,"ix":192}},{"ty":0,"nm":"Y Rotation W","mn":"tc Particular-0291","ix":193,"v":{"a":0,"k":0,"ix":193}},{"ty":0,"nm":"Z Rotation W","mn":"tc Particular-0292","ix":194,"v":{"a":0,"k":0,"ix":194}},{"ty":0,"nm":"X Offset W","mn":"tc Particular-0293","ix":195,"v":{"a":0,"k":0,"ix":195}},{"ty":0,"nm":"Y Offset W","mn":"tc Particular-0294","ix":196,"v":{"a":0,"k":0,"ix":196}},{"ty":0,"nm":"Z Offset W","mn":"tc Particular-0295","ix":197,"v":{"a":0,"k":0,"ix":197}},{"ty":6,"nm":"","mn":"tc Particular-0296","ix":198,"v":0},{"ty":6,"nm":"Visibility","mn":"tc Particular-0099","ix":199,"v":0},{"ty":0,"nm":"Far Vanish","mn":"tc Particular-0100","ix":200,"v":{"a":0,"k":20000,"ix":200}},{"ty":0,"nm":"Far Start Fade","mn":"tc Particular-0102","ix":201,"v":{"a":0,"k":19000,"ix":201}},{"ty":0,"nm":"Near Start Fade","mn":"tc Particular-0103","ix":202,"v":{"a":0,"k":10,"ix":202}},{"ty":0,"nm":"Near Vanish","mn":"tc Particular-0105","ix":203,"v":{"a":0,"k":1,"ix":203}},{"ty":7,"nm":"Near and Far Curves","mn":"tc Particular-0101","ix":204,"v":{"a":0,"k":1,"ix":204}},{"ty":10,"nm":"Z Buffer","mn":"tc Particular-0161","ix":205,"v":{"a":0,"k":0,"ix":205}},{"ty":0,"nm":"Z at Black","mn":"tc Particular-0162","ix":206,"v":{"a":0,"k":10000,"ix":206}},{"ty":0,"nm":"Z at White","mn":"tc Particular-0163","ix":207,"v":{"a":0,"k":0,"ix":207}},{"ty":10,"nm":"Obscuration Layer","mn":"tc Particular-0164","ix":208,"v":{"a":0,"k":0,"ix":208}},{"ty":7,"nm":"Also Obscure with","mn":"tc Particular-0165","ix":209,"v":{"a":0,"k":1,"ix":209}},{"ty":6,"nm":"","mn":"tc Particular-0106","ix":210,"v":0},{"ty":6,"nm":"Rendering","mn":"tc Particular-0299","ix":211,"v":0},{"ty":7,"nm":"Render Mode","mn":"tc Particular-0166","ix":212,"v":{"a":0,"k":2,"ix":212}},{"ty":0,"nm":"Particle Amount","mn":"tc Particular-0523","ix":213,"v":{"a":0,"k":100,"ix":213}},{"ty":7,"nm":"Depth of Field","mn":"tc Particular-0319","ix":214,"v":{"a":0,"k":2,"ix":214}},{"ty":7,"nm":"Depth of Field Type","mn":"tc Particular-0320","ix":215,"v":{"a":0,"k":2,"ix":215}},{"ty":7,"nm":"Transfer Mode","mn":"tc Particular-0298","ix":216,"v":{"a":0,"k":1,"ix":216}},{"ty":0,"nm":"Opacity","mn":"tc Particular-0312","ix":217,"v":{"a":0,"k":100,"ix":217}},{"ty":6,"nm":"Motion Blur","mn":"tc Particular-0034","ix":218,"v":0},{"ty":7,"nm":"Motion Blur","mn":"tc Particular-0035","ix":219,"v":{"a":0,"k":2,"ix":219}},{"ty":0,"nm":"Shutter Angle","mn":"tc Particular-0036","ix":220,"v":{"a":0,"k":360,"ix":220}},{"ty":0,"nm":"Shutter Phase","mn":"tc Particular-0037","ix":221,"v":{"a":0,"k":0,"ix":221}},{"ty":7,"nm":"Type","mn":"tc Particular-0063","ix":222,"v":{"a":0,"k":1,"ix":222}},{"ty":0,"nm":"Levels","mn":"tc Particular-0064","ix":223,"v":{"a":0,"k":8,"ix":223}},{"ty":0,"nm":"Linear Accuracy","mn":"tc Particular-0318","ix":224,"v":{"a":0,"k":70,"ix":224}},{"ty":0,"nm":"Opacity Boost","mn":"tc Particular-0038","ix":225,"v":{"a":0,"k":0,"ix":225}},{"ty":7,"nm":"Disregard","mn":"tc Particular-0079","ix":226,"v":{"a":0,"k":1,"ix":226}},{"ty":6,"nm":"","mn":"tc Particular-0039","ix":227,"v":0},{"ty":6,"nm":"","mn":"tc Particular-0300","ix":228,"v":0}]}],"sw":1920,"sh":1080,"sc":"#2d2d2d","ip":-84.0000034213901,"op":183.000007453743,"st":-105.000004276738,"bm":0}],"markers":[]}